"name","x0","x1"
"beta","0.677827189624079","1.12219769685052"
"gamma","0.911765238875919","0.999978298377514"
"rho","0.987423507211724","0.999930710077303"
"psi","0.50726887855666","0.943167442810073"
