"name","x0","x1"
"beta","1.02242765937264","2.20788144091005"
"gamma","0.789199757758612","0.99999"
"rho","0.872648455975561","0.99999"
"psi","0.365973168049289","0.716634552424338"
"p","1e-05","0.468350164212159"
"q","1.38985525733267","6"
