"name","x0","x1"
"beta","1.05067342066205","1.89625233017609"
"gamma","0.999974638720904","0.99999"
"rho","0.867371002390693","0.99999"
"psi","0.206896551724138","1.57569580945284"
"p","1e-05","1.73874871956382e-05"
"q","1.46423577743605","4.46355664137408"
