"name","x0","x1"
"beta","0.647129591568554","1.18818944575666"
"gamma","0.931026069022265","0.99999"
"rho","0.942073834273678","0.99999"
"psi","0.319948107657039","0.819723608946776"
