"name","x0","x1"
"beta","0.706894767564345","1.354720449375"
"gamma","0.773222328985128","0.99999"
"rho","0.5","0.99999"
"psi","0.361528807939704","0.790220759137481"
"p","1e-05","0.99999"
